id,nombre,apellido,email,telefono,direccion,ciudad,pais,fecha_registro,activo
1,Nikolaos,De Metz,ndemetz0@opera.com,941-915-5413,091 Susan Hill,Koper,Slovenia,3/9/2024,true
2,Rodger,Chrishop,rchrishop1@globo.com,623-212-1451,11635 Grover Place,Sandymount,Ireland,3/8/2024,false
3,Jemmy,Takos,jtakos2@edublogs.org,498-215-0086,94 Forest Road,Kryvyy Rih,Ukraine,6/5/2025,true
4,Odell,Cleynman,ocleynman3@nhs.uk,814-388-8296,1 High Crossing Place,El Mirador,Mexico,3/7/2025,true
5,Pattie,Balnave,pbalnave4@imdb.com,341-188-4845,6 Twin Pines Trail,Argasari,Indonesia,2/6/2024,true
6,Natalee,Ovett,novett5@bigcartel.com,164-151-7034,8824 Grasskamp Street,Hedi,China,12/9/2023,false
7,Rowland,Rihosek,rrihosek6@telegraph.co.uk,382-636-0036,5 Anthes Alley,Dongle,China,9/20/2025,false
8,Linette,Sillick,lsillick7@taobao.com,836-831-7857,8699 Schiller Hill,Tiro,Indonesia,4/28/2025,true
9,Annemarie,Sedgmond,asedgmond8@google.co.jp,681-982-9466,59169 Mandrake Plaza,Mandepa Barat,Indonesia,11/12/2025,false
10,Marius,Gairdner,mgairdner9@sina.com.cn,206-800-8308,69907 Welch Pass,Milwaukee,United States,3/5/2023,true
11,Marna,Tapenden,mtapendena@surveymonkey.com,243-534-1257,463 Rusk Center,Báguanos,Cuba,3/8/2025,true
12,Bent,Turn,bturnb@admin.ch,483-752-6606,18253 Ruskin Junction,Cangshan,China,6/29/2025,true
13,Justus,Banting,jbantingc@amazonaws.com,737-873-3634,6 Ryan Place,Pocora,Costa Rica,1/11/2026,true
14,Gardie,Huncoot,ghuncootd@amazon.com,668-392-2091,1884 Chive Park,Sukarame,Indonesia,2/22/2024,true
15,Addy,Whatley,awhatleye@washingtonpost.com,430-709-6989,86 Bultman Avenue,Winterthur,Switzerland,8/10/2024,false
16,Annabelle,Lindenblatt,alindenblattf@auda.org.au,278-597-7943,4801 Maple Wood Place,Bình Minh,Vietnam,10/4/2024,true
17,Elladine,Habercham,ehaberchamg@auda.org.au,177-557-0258,50 Rusk Lane,Eha Amufu,Nigeria,7/19/2023,true
18,Westley,Aizlewood,waizlewoodh@mit.edu,434-642-9778,038 Ronald Regan Center,Annecy,France,5/29/2025,false
19,Yuma,Clewett,yclewetti@cargocollective.com,283-689-0339,9607 Esch Court,Pępowo,Poland,10/15/2025,true
20,Cherise,Bruckent,cbruckentj@who.int,194-368-2612,677 Carpenter Street,Pevek,Russia,6/11/2025,false
21,Darsie,Schutze,dschutzek@sfgate.com,496-271-4275,2 Memorial Circle,Torez,Ukraine,8/27/2023,true
22,Retha,Demer,rdemerl@mapquest.com,836-458-3165,7 Morrow Circle,Homagama,Sri Lanka,11/20/2024,true
23,Cordi,Geeve,cgeevem@vinaora.com,763-228-9110,19 Cordelia Avenue,Calumpit,Philippines,2/24/2023,false
24,Jodie,Tees,jteesn@w3.org,265-363-9923,76385 Pawling Street,Mpika,Zambia,10/11/2024,false
25,Andre,McBrearty,amcbreartyo@pagesperso-orange.fr,356-871-7656,47432 Sullivan Avenue,Hengli,China,8/7/2025,false
26,Wallas,Colston,wcolstonp@squidoo.com,318-854-6718,984 Carey Way,Jisegumen,China,10/18/2025,true
27,Darell,Carrett,dcarrettq@skype.com,474-931-8681,49542 Eastwood Drive,Nagbukel,Philippines,4/26/2023,false
28,Monah,Byer,mbyerr@toplist.cz,978-949-1266,19 Blue Bill Park Avenue,Samsan,South Korea,5/18/2025,true
29,Lexine,Breckwell,lbreckwells@netlog.com,259-766-2037,89 Sherman Junction,Newport,United Kingdom,12/17/2025,false
30,Adolph,Lawfull,alawfullt@icq.com,432-954-1519,3401 Dwight Center,Tanahmerah,Indonesia,4/3/2025,true
31,Barbra,Bellew,bbellewu@foxnews.com,740-515-7648,970 Summerview Circle,Sohbatpur,Pakistan,1/8/2024,true
32,Marcellus,Loveday,mlovedayv@4shared.com,516-177-0151,18957 Buell Park,Tyazhinskiy,Russia,6/23/2024,true
33,Hestia,Divers,hdiversw@msn.com,217-575-1648,90 Moose Place,Tlogotunggal,Indonesia,6/4/2024,true
34,Helene,Hedditch,hhedditchx@ibm.com,464-949-2898,8 Hoard Court,El Paraiso,Mexico,3/23/2023,false
35,Mel,Costen,mcosteny@gnu.org,562-408-0718,9590 Carioca Alley,Shuanghekou,China,12/1/2025,true
36,Samara,Savine,ssavinez@europa.eu,755-795-3522,13 Mitchell Terrace,Strabychovo,Ukraine,5/2/2023,false
37,Ty,Emburey,temburey10@cafepress.com,207-732-0696,58 Brickson Park Terrace,Fenshui,China,11/26/2025,false
38,Marmaduke,Inkpin,minkpin11@timesonline.co.uk,317-994-3073,00431 Miller Way,Bulakbanjar,Indonesia,8/12/2024,true
39,Sande,Overbury,soverbury12@phpbb.com,351-816-8049,28785 Dixon Terrace,Cipari,Indonesia,9/12/2025,false
40,Elmore,Colegate,ecolegate13@weather.com,373-580-4479,368 South Trail,Angatel,Philippines,4/19/2023,false
41,Harri,Stevens,hstevens14@cyberchimps.com,852-992-4232,3 Katie Center,Mrozy,Poland,1/16/2023,false
42,Daisi,St Leger,dstleger15@fotki.com,216-928-6867,38908 Crownhardt Hill,Żoliborz,Poland,11/20/2023,true
43,Corrine,Pietersma,cpietersma16@who.int,905-724-6257,8 Wayridge Parkway,Stan-Bekhtemir,Russia,9/5/2023,true
44,Averil,Dodle,adodle17@shop-pro.jp,450-533-0064,7015 Claremont Alley,Bilyayivka,Ukraine,6/16/2023,true
45,Andee,Paulusch,apaulusch18@phoca.cz,103-945-9619,02994 Armistice Road,Senduro,Indonesia,11/13/2024,true
46,Tillie,Darlaston,tdarlaston19@ovh.net,750-490-1761,43 Susan Drive,Zhonghouhe,China,10/17/2023,true
47,Berget,Thompson,bthompson1a@shinystat.com,236-101-9490,2155 Parkside Circle,Jinluo,China,8/5/2023,false
48,Robbyn,Corran,rcorran1b@vimeo.com,704-607-0904,510 Hermina Way,Pinagsibaan,Philippines,3/13/2023,true
49,Maxie,Dumberrill,mdumberrill1c@com.com,907-517-0479,25 Crownhardt Lane,Iwatsuki,Japan,8/16/2024,false
50,Eda,Tripett,etripett1d@stumbleupon.com,718-590-8811,0 Montana Junction,Zhonglong,China,9/23/2023,false
